--------------------------------------------------------
-- Archivo creado  - miércoles-junio-08-2022   
--------------------------------------------------------
DROP TABLE "SECCION003D"."AUTH_GROUP" cascade constraints;
DROP TABLE "SECCION003D"."AUTH_GROUP_PERMISSIONS" cascade constraints;
DROP TABLE "SECCION003D"."AUTH_PERMISSION" cascade constraints;
DROP TABLE "SECCION003D"."AUTH_USER" cascade constraints;
DROP TABLE "SECCION003D"."AUTH_USER_GROUPS" cascade constraints;
DROP TABLE "SECCION003D"."AUTH_USER_USER_PERMISSIONS" cascade constraints;
DROP TABLE "SECCION003D"."CORE_MASCOTA" cascade constraints;
DROP TABLE "SECCION003D"."CORE_RAZA" cascade constraints;
DROP TABLE "SECCION003D"."DJANGO_ADMIN_LOG" cascade constraints;
DROP TABLE "SECCION003D"."DJANGO_CONTENT_TYPE" cascade constraints;
DROP TABLE "SECCION003D"."DJANGO_MIGRATIONS" cascade constraints;
DROP TABLE "SECCION003D"."DJANGO_SESSION" cascade constraints;
DROP TABLE "SECCION003D"."LOGIN_ATENCIONES" cascade constraints;
DROP TABLE "SECCION003D"."LOGIN_COMUNA" cascade constraints;
DROP TABLE "SECCION003D"."LOGIN_MASCOTA" cascade constraints;
DROP TABLE "SECCION003D"."LOGIN_ROL" cascade constraints;
DROP TABLE "SECCION003D"."LOGIN_USUARIO" cascade constraints;
--------------------------------------------------------
--  DDL for Table AUTH_GROUP
--------------------------------------------------------

  CREATE TABLE "SECCION003D"."AUTH_GROUP" 
   (	"ID" NUMBER(11,0) GENERATED BY DEFAULT ON NULL AS IDENTITY MINVALUE 1 MAXVALUE 9999999999999999999999999999 INCREMENT BY 1 START WITH 1 CACHE 20 NOORDER  NOCYCLE  NOKEEP  NOSCALE , 
	"NAME" NVARCHAR2(150)
   ) SEGMENT CREATION DEFERRED 
  PCTFREE 10 PCTUSED 40 INITRANS 1 MAXTRANS 255 
 NOCOMPRESS LOGGING
  TABLESPACE "USERS" ;
--------------------------------------------------------
--  DDL for Table AUTH_GROUP_PERMISSIONS
--------------------------------------------------------

  CREATE TABLE "SECCION003D"."AUTH_GROUP_PERMISSIONS" 
   (	"ID" NUMBER(19,0) GENERATED BY DEFAULT ON NULL AS IDENTITY MINVALUE 1 MAXVALUE 9999999999999999999999999999 INCREMENT BY 1 START WITH 1 CACHE 20 NOORDER  NOCYCLE  NOKEEP  NOSCALE , 
	"GROUP_ID" NUMBER(11,0), 
	"PERMISSION_ID" NUMBER(11,0)
   ) SEGMENT CREATION DEFERRED 
  PCTFREE 10 PCTUSED 40 INITRANS 1 MAXTRANS 255 
 NOCOMPRESS LOGGING
  TABLESPACE "USERS" ;
--------------------------------------------------------
--  DDL for Table AUTH_PERMISSION
--------------------------------------------------------

  CREATE TABLE "SECCION003D"."AUTH_PERMISSION" 
   (	"ID" NUMBER(11,0) GENERATED BY DEFAULT ON NULL AS IDENTITY MINVALUE 1 MAXVALUE 9999999999999999999999999999 INCREMENT BY 1 START WITH 1 CACHE 20 NOORDER  NOCYCLE  NOKEEP  NOSCALE , 
	"NAME" NVARCHAR2(255), 
	"CONTENT_TYPE_ID" NUMBER(11,0), 
	"CODENAME" NVARCHAR2(100)
   ) SEGMENT CREATION IMMEDIATE 
  PCTFREE 10 PCTUSED 40 INITRANS 1 MAXTRANS 255 
 NOCOMPRESS LOGGING
  STORAGE(INITIAL 65536 NEXT 1048576 MINEXTENTS 1 MAXEXTENTS 2147483645
  PCTINCREASE 0 FREELISTS 1 FREELIST GROUPS 1
  BUFFER_POOL DEFAULT FLASH_CACHE DEFAULT CELL_FLASH_CACHE DEFAULT)
  TABLESPACE "USERS" ;
--------------------------------------------------------
--  DDL for Table AUTH_USER
--------------------------------------------------------

  CREATE TABLE "SECCION003D"."AUTH_USER" 
   (	"ID" NUMBER(11,0) GENERATED BY DEFAULT ON NULL AS IDENTITY MINVALUE 1 MAXVALUE 9999999999999999999999999999 INCREMENT BY 1 START WITH 1 CACHE 20 NOORDER  NOCYCLE  NOKEEP  NOSCALE , 
	"PASSWORD" NVARCHAR2(128), 
	"LAST_LOGIN" TIMESTAMP (6), 
	"IS_SUPERUSER" NUMBER(1,0), 
	"USERNAME" NVARCHAR2(150), 
	"FIRST_NAME" NVARCHAR2(150), 
	"LAST_NAME" NVARCHAR2(150), 
	"EMAIL" NVARCHAR2(254), 
	"IS_STAFF" NUMBER(1,0), 
	"IS_ACTIVE" NUMBER(1,0), 
	"DATE_JOINED" TIMESTAMP (6)
   ) SEGMENT CREATION IMMEDIATE 
  PCTFREE 10 PCTUSED 40 INITRANS 1 MAXTRANS 255 
 NOCOMPRESS LOGGING
  STORAGE(INITIAL 65536 NEXT 1048576 MINEXTENTS 1 MAXEXTENTS 2147483645
  PCTINCREASE 0 FREELISTS 1 FREELIST GROUPS 1
  BUFFER_POOL DEFAULT FLASH_CACHE DEFAULT CELL_FLASH_CACHE DEFAULT)
  TABLESPACE "USERS" ;
--------------------------------------------------------
--  DDL for Table AUTH_USER_GROUPS
--------------------------------------------------------

  CREATE TABLE "SECCION003D"."AUTH_USER_GROUPS" 
   (	"ID" NUMBER(19,0) GENERATED BY DEFAULT ON NULL AS IDENTITY MINVALUE 1 MAXVALUE 9999999999999999999999999999 INCREMENT BY 1 START WITH 1 CACHE 20 NOORDER  NOCYCLE  NOKEEP  NOSCALE , 
	"USER_ID" NUMBER(11,0), 
	"GROUP_ID" NUMBER(11,0)
   ) SEGMENT CREATION DEFERRED 
  PCTFREE 10 PCTUSED 40 INITRANS 1 MAXTRANS 255 
 NOCOMPRESS LOGGING
  TABLESPACE "USERS" ;
--------------------------------------------------------
--  DDL for Table AUTH_USER_USER_PERMISSIONS
--------------------------------------------------------

  CREATE TABLE "SECCION003D"."AUTH_USER_USER_PERMISSIONS" 
   (	"ID" NUMBER(19,0) GENERATED BY DEFAULT ON NULL AS IDENTITY MINVALUE 1 MAXVALUE 9999999999999999999999999999 INCREMENT BY 1 START WITH 1 CACHE 20 NOORDER  NOCYCLE  NOKEEP  NOSCALE , 
	"USER_ID" NUMBER(11,0), 
	"PERMISSION_ID" NUMBER(11,0)
   ) SEGMENT CREATION DEFERRED 
  PCTFREE 10 PCTUSED 40 INITRANS 1 MAXTRANS 255 
 NOCOMPRESS LOGGING
  TABLESPACE "USERS" ;
--------------------------------------------------------
--  DDL for Table CORE_MASCOTA
--------------------------------------------------------

  CREATE TABLE "SECCION003D"."CORE_MASCOTA" 
   (	"CODIGOCHIP" NUMBER(11,0), 
	"NOMBREMASCOTA" NVARCHAR2(30), 
	"EDADMASCOTA" NUMBER(11,0), 
	"RAZA_ID" NUMBER(11,0), 
	"FOTO" NVARCHAR2(100)
   ) SEGMENT CREATION DEFERRED 
  PCTFREE 10 PCTUSED 40 INITRANS 1 MAXTRANS 255 
 NOCOMPRESS LOGGING
  TABLESPACE "USERS" ;
--------------------------------------------------------
--  DDL for Table CORE_RAZA
--------------------------------------------------------

  CREATE TABLE "SECCION003D"."CORE_RAZA" 
   (	"CODIGO" NUMBER(11,0), 
	"NOMBRERAZA" NVARCHAR2(20)
   ) SEGMENT CREATION DEFERRED 
  PCTFREE 10 PCTUSED 40 INITRANS 1 MAXTRANS 255 
 NOCOMPRESS LOGGING
  TABLESPACE "USERS" ;
--------------------------------------------------------
--  DDL for Table DJANGO_ADMIN_LOG
--------------------------------------------------------

  CREATE TABLE "SECCION003D"."DJANGO_ADMIN_LOG" 
   (	"ID" NUMBER(11,0) GENERATED BY DEFAULT ON NULL AS IDENTITY MINVALUE 1 MAXVALUE 9999999999999999999999999999 INCREMENT BY 1 START WITH 1 CACHE 20 NOORDER  NOCYCLE  NOKEEP  NOSCALE , 
	"ACTION_TIME" TIMESTAMP (6), 
	"OBJECT_ID" NCLOB, 
	"OBJECT_REPR" NVARCHAR2(200), 
	"ACTION_FLAG" NUMBER(11,0), 
	"CHANGE_MESSAGE" NCLOB, 
	"CONTENT_TYPE_ID" NUMBER(11,0), 
	"USER_ID" NUMBER(11,0)
   ) SEGMENT CREATION IMMEDIATE 
  PCTFREE 10 PCTUSED 40 INITRANS 1 MAXTRANS 255 
 NOCOMPRESS LOGGING
  STORAGE(INITIAL 65536 NEXT 1048576 MINEXTENTS 1 MAXEXTENTS 2147483645
  PCTINCREASE 0 FREELISTS 1 FREELIST GROUPS 1
  BUFFER_POOL DEFAULT FLASH_CACHE DEFAULT CELL_FLASH_CACHE DEFAULT)
  TABLESPACE "USERS" 
 LOB ("OBJECT_ID") STORE AS SECUREFILE (
  TABLESPACE "USERS" ENABLE STORAGE IN ROW CHUNK 8192
  NOCACHE LOGGING  NOCOMPRESS  KEEP_DUPLICATES 
  STORAGE(INITIAL 106496 NEXT 1048576 MINEXTENTS 1 MAXEXTENTS 2147483645
  PCTINCREASE 0
  BUFFER_POOL DEFAULT FLASH_CACHE DEFAULT CELL_FLASH_CACHE DEFAULT)) 
 LOB ("CHANGE_MESSAGE") STORE AS SECUREFILE (
  TABLESPACE "USERS" ENABLE STORAGE IN ROW CHUNK 8192
  NOCACHE LOGGING  NOCOMPRESS  KEEP_DUPLICATES 
  STORAGE(INITIAL 106496 NEXT 1048576 MINEXTENTS 1 MAXEXTENTS 2147483645
  PCTINCREASE 0
  BUFFER_POOL DEFAULT FLASH_CACHE DEFAULT CELL_FLASH_CACHE DEFAULT)) ;
--------------------------------------------------------
--  DDL for Table DJANGO_CONTENT_TYPE
--------------------------------------------------------

  CREATE TABLE "SECCION003D"."DJANGO_CONTENT_TYPE" 
   (	"ID" NUMBER(11,0) GENERATED BY DEFAULT ON NULL AS IDENTITY MINVALUE 1 MAXVALUE 9999999999999999999999999999 INCREMENT BY 1 START WITH 1 CACHE 20 NOORDER  NOCYCLE  NOKEEP  NOSCALE , 
	"APP_LABEL" NVARCHAR2(100), 
	"MODEL" NVARCHAR2(100)
   ) SEGMENT CREATION IMMEDIATE 
  PCTFREE 10 PCTUSED 40 INITRANS 1 MAXTRANS 255 
 NOCOMPRESS LOGGING
  STORAGE(INITIAL 65536 NEXT 1048576 MINEXTENTS 1 MAXEXTENTS 2147483645
  PCTINCREASE 0 FREELISTS 1 FREELIST GROUPS 1
  BUFFER_POOL DEFAULT FLASH_CACHE DEFAULT CELL_FLASH_CACHE DEFAULT)
  TABLESPACE "USERS" ;
--------------------------------------------------------
--  DDL for Table DJANGO_MIGRATIONS
--------------------------------------------------------

  CREATE TABLE "SECCION003D"."DJANGO_MIGRATIONS" 
   (	"ID" NUMBER(19,0) GENERATED BY DEFAULT ON NULL AS IDENTITY MINVALUE 1 MAXVALUE 9999999999999999999999999999 INCREMENT BY 1 START WITH 1 CACHE 20 NOORDER  NOCYCLE  NOKEEP  NOSCALE , 
	"APP" NVARCHAR2(255), 
	"NAME" NVARCHAR2(255), 
	"APPLIED" TIMESTAMP (6)
   ) SEGMENT CREATION IMMEDIATE 
  PCTFREE 10 PCTUSED 40 INITRANS 1 MAXTRANS 255 
 NOCOMPRESS LOGGING
  STORAGE(INITIAL 65536 NEXT 1048576 MINEXTENTS 1 MAXEXTENTS 2147483645
  PCTINCREASE 0 FREELISTS 1 FREELIST GROUPS 1
  BUFFER_POOL DEFAULT FLASH_CACHE DEFAULT CELL_FLASH_CACHE DEFAULT)
  TABLESPACE "USERS" ;
--------------------------------------------------------
--  DDL for Table DJANGO_SESSION
--------------------------------------------------------

  CREATE TABLE "SECCION003D"."DJANGO_SESSION" 
   (	"SESSION_KEY" NVARCHAR2(40), 
	"SESSION_DATA" NCLOB, 
	"EXPIRE_DATE" TIMESTAMP (6)
   ) SEGMENT CREATION IMMEDIATE 
  PCTFREE 10 PCTUSED 40 INITRANS 1 MAXTRANS 255 
 NOCOMPRESS LOGGING
  STORAGE(INITIAL 65536 NEXT 1048576 MINEXTENTS 1 MAXEXTENTS 2147483645
  PCTINCREASE 0 FREELISTS 1 FREELIST GROUPS 1
  BUFFER_POOL DEFAULT FLASH_CACHE DEFAULT CELL_FLASH_CACHE DEFAULT)
  TABLESPACE "USERS" 
 LOB ("SESSION_DATA") STORE AS SECUREFILE (
  TABLESPACE "USERS" ENABLE STORAGE IN ROW CHUNK 8192
  NOCACHE LOGGING  NOCOMPRESS  KEEP_DUPLICATES 
  STORAGE(INITIAL 106496 NEXT 1048576 MINEXTENTS 1 MAXEXTENTS 2147483645
  PCTINCREASE 0
  BUFFER_POOL DEFAULT FLASH_CACHE DEFAULT CELL_FLASH_CACHE DEFAULT)) ;
--------------------------------------------------------
--  DDL for Table LOGIN_ATENCIONES
--------------------------------------------------------

  CREATE TABLE "SECCION003D"."LOGIN_ATENCIONES" 
   (	"NOMBRETRATAMIENTO" NVARCHAR2(35), 
	"NUMTRATAMIENTO" NUMBER(11,0) DEFAULT NULL
   ) SEGMENT CREATION IMMEDIATE 
  PCTFREE 10 PCTUSED 40 INITRANS 1 MAXTRANS 255 
 NOCOMPRESS LOGGING
  STORAGE(INITIAL 65536 NEXT 1048576 MINEXTENTS 1 MAXEXTENTS 2147483645
  PCTINCREASE 0 FREELISTS 1 FREELIST GROUPS 1
  BUFFER_POOL DEFAULT FLASH_CACHE DEFAULT CELL_FLASH_CACHE DEFAULT)
  TABLESPACE "USERS" ;
--------------------------------------------------------
--  DDL for Table LOGIN_COMUNA
--------------------------------------------------------

  CREATE TABLE "SECCION003D"."LOGIN_COMUNA" 
   (	"IDCOMUNA" NUMBER(11,0), 
	"NOMBRECOMUNA" NVARCHAR2(40)
   ) SEGMENT CREATION IMMEDIATE 
  PCTFREE 10 PCTUSED 40 INITRANS 1 MAXTRANS 255 
 NOCOMPRESS LOGGING
  STORAGE(INITIAL 65536 NEXT 1048576 MINEXTENTS 1 MAXEXTENTS 2147483645
  PCTINCREASE 0 FREELISTS 1 FREELIST GROUPS 1
  BUFFER_POOL DEFAULT FLASH_CACHE DEFAULT CELL_FLASH_CACHE DEFAULT)
  TABLESPACE "USERS" ;
--------------------------------------------------------
--  DDL for Table LOGIN_MASCOTA
--------------------------------------------------------

  CREATE TABLE "SECCION003D"."LOGIN_MASCOTA" 
   (	"CODIGOCHIP" NUMBER(11,0), 
	"NOMBREMASCOTA" NVARCHAR2(20), 
	"EDAD" NUMBER(11,0), 
	"COMUNA_ID" NUMBER(11,0) DEFAULT NULL, 
	"NOMBREDUENNIO" NVARCHAR2(20) DEFAULT NULL, 
	"ATENCION_ID" NUMBER(11,0) DEFAULT NULL
   ) SEGMENT CREATION IMMEDIATE 
  PCTFREE 10 PCTUSED 40 INITRANS 1 MAXTRANS 255 
 NOCOMPRESS LOGGING
  STORAGE(INITIAL 65536 NEXT 1048576 MINEXTENTS 1 MAXEXTENTS 2147483645
  PCTINCREASE 0 FREELISTS 1 FREELIST GROUPS 1
  BUFFER_POOL DEFAULT FLASH_CACHE DEFAULT CELL_FLASH_CACHE DEFAULT)
  TABLESPACE "USERS" ;
--------------------------------------------------------
--  DDL for Table LOGIN_ROL
--------------------------------------------------------

  CREATE TABLE "SECCION003D"."LOGIN_ROL" 
   (	"CODIGO" NUMBER(11,0), 
	"TIPOUSUARIO" NVARCHAR2(20)
   ) SEGMENT CREATION IMMEDIATE 
  PCTFREE 10 PCTUSED 40 INITRANS 1 MAXTRANS 255 
 NOCOMPRESS LOGGING
  STORAGE(INITIAL 65536 NEXT 1048576 MINEXTENTS 1 MAXEXTENTS 2147483645
  PCTINCREASE 0 FREELISTS 1 FREELIST GROUPS 1
  BUFFER_POOL DEFAULT FLASH_CACHE DEFAULT CELL_FLASH_CACHE DEFAULT)
  TABLESPACE "USERS" ;
--------------------------------------------------------
--  DDL for Table LOGIN_USUARIO
--------------------------------------------------------

  CREATE TABLE "SECCION003D"."LOGIN_USUARIO" 
   (	"NOMBREUSUARIO" NVARCHAR2(20), 
	"APELLIDO" NVARCHAR2(20), 
	"CONTRA" NVARCHAR2(30), 
	"CORREO" NVARCHAR2(254), 
	"FECHNACIMIENTO" TIMESTAMP (6), 
	"FOTO" NVARCHAR2(100), 
	"ROL_ID" NUMBER(11,0), 
	"IDUSU" NUMBER(11,0) GENERATED BY DEFAULT ON NULL AS IDENTITY MINVALUE 1 MAXVALUE 9999999999999999999999999999 INCREMENT BY 1 START WITH 1 CACHE 20 NOORDER  NOCYCLE  NOKEEP  NOSCALE 
   ) SEGMENT CREATION DEFERRED 
  PCTFREE 10 PCTUSED 40 INITRANS 1 MAXTRANS 255 
 NOCOMPRESS LOGGING
  TABLESPACE "USERS" ;
REM INSERTING into SECCION003D.AUTH_GROUP
SET DEFINE OFF;
REM INSERTING into SECCION003D.AUTH_GROUP_PERMISSIONS
SET DEFINE OFF;
REM INSERTING into SECCION003D.AUTH_PERMISSION
SET DEFINE OFF;
Insert into SECCION003D.AUTH_PERMISSION (ID,NAME,CONTENT_TYPE_ID,CODENAME) values (1,'Can add log entry',1,'add_logentry');
Insert into SECCION003D.AUTH_PERMISSION (ID,NAME,CONTENT_TYPE_ID,CODENAME) values (2,'Can change log entry',1,'change_logentry');
Insert into SECCION003D.AUTH_PERMISSION (ID,NAME,CONTENT_TYPE_ID,CODENAME) values (3,'Can delete log entry',1,'delete_logentry');
Insert into SECCION003D.AUTH_PERMISSION (ID,NAME,CONTENT_TYPE_ID,CODENAME) values (4,'Can view log entry',1,'view_logentry');
Insert into SECCION003D.AUTH_PERMISSION (ID,NAME,CONTENT_TYPE_ID,CODENAME) values (5,'Can add permission',2,'add_permission');
Insert into SECCION003D.AUTH_PERMISSION (ID,NAME,CONTENT_TYPE_ID,CODENAME) values (6,'Can change permission',2,'change_permission');
Insert into SECCION003D.AUTH_PERMISSION (ID,NAME,CONTENT_TYPE_ID,CODENAME) values (7,'Can delete permission',2,'delete_permission');
Insert into SECCION003D.AUTH_PERMISSION (ID,NAME,CONTENT_TYPE_ID,CODENAME) values (8,'Can view permission',2,'view_permission');
Insert into SECCION003D.AUTH_PERMISSION (ID,NAME,CONTENT_TYPE_ID,CODENAME) values (9,'Can add group',3,'add_group');
Insert into SECCION003D.AUTH_PERMISSION (ID,NAME,CONTENT_TYPE_ID,CODENAME) values (10,'Can change group',3,'change_group');
Insert into SECCION003D.AUTH_PERMISSION (ID,NAME,CONTENT_TYPE_ID,CODENAME) values (11,'Can delete group',3,'delete_group');
Insert into SECCION003D.AUTH_PERMISSION (ID,NAME,CONTENT_TYPE_ID,CODENAME) values (12,'Can view group',3,'view_group');
Insert into SECCION003D.AUTH_PERMISSION (ID,NAME,CONTENT_TYPE_ID,CODENAME) values (13,'Can add user',4,'add_user');
Insert into SECCION003D.AUTH_PERMISSION (ID,NAME,CONTENT_TYPE_ID,CODENAME) values (14,'Can change user',4,'change_user');
Insert into SECCION003D.AUTH_PERMISSION (ID,NAME,CONTENT_TYPE_ID,CODENAME) values (15,'Can delete user',4,'delete_user');
Insert into SECCION003D.AUTH_PERMISSION (ID,NAME,CONTENT_TYPE_ID,CODENAME) values (16,'Can view user',4,'view_user');
Insert into SECCION003D.AUTH_PERMISSION (ID,NAME,CONTENT_TYPE_ID,CODENAME) values (17,'Can add content type',5,'add_contenttype');
Insert into SECCION003D.AUTH_PERMISSION (ID,NAME,CONTENT_TYPE_ID,CODENAME) values (18,'Can change content type',5,'change_contenttype');
Insert into SECCION003D.AUTH_PERMISSION (ID,NAME,CONTENT_TYPE_ID,CODENAME) values (19,'Can delete content type',5,'delete_contenttype');
Insert into SECCION003D.AUTH_PERMISSION (ID,NAME,CONTENT_TYPE_ID,CODENAME) values (20,'Can view content type',5,'view_contenttype');
Insert into SECCION003D.AUTH_PERMISSION (ID,NAME,CONTENT_TYPE_ID,CODENAME) values (21,'Can add session',6,'add_session');
Insert into SECCION003D.AUTH_PERMISSION (ID,NAME,CONTENT_TYPE_ID,CODENAME) values (22,'Can change session',6,'change_session');
Insert into SECCION003D.AUTH_PERMISSION (ID,NAME,CONTENT_TYPE_ID,CODENAME) values (23,'Can delete session',6,'delete_session');
Insert into SECCION003D.AUTH_PERMISSION (ID,NAME,CONTENT_TYPE_ID,CODENAME) values (24,'Can view session',6,'view_session');
Insert into SECCION003D.AUTH_PERMISSION (ID,NAME,CONTENT_TYPE_ID,CODENAME) values (25,'Can add raza',7,'add_raza');
Insert into SECCION003D.AUTH_PERMISSION (ID,NAME,CONTENT_TYPE_ID,CODENAME) values (26,'Can change raza',7,'change_raza');
Insert into SECCION003D.AUTH_PERMISSION (ID,NAME,CONTENT_TYPE_ID,CODENAME) values (27,'Can delete raza',7,'delete_raza');
Insert into SECCION003D.AUTH_PERMISSION (ID,NAME,CONTENT_TYPE_ID,CODENAME) values (28,'Can view raza',7,'view_raza');
Insert into SECCION003D.AUTH_PERMISSION (ID,NAME,CONTENT_TYPE_ID,CODENAME) values (29,'Can add mascota',8,'add_mascota');
Insert into SECCION003D.AUTH_PERMISSION (ID,NAME,CONTENT_TYPE_ID,CODENAME) values (30,'Can change mascota',8,'change_mascota');
Insert into SECCION003D.AUTH_PERMISSION (ID,NAME,CONTENT_TYPE_ID,CODENAME) values (31,'Can delete mascota',8,'delete_mascota');
Insert into SECCION003D.AUTH_PERMISSION (ID,NAME,CONTENT_TYPE_ID,CODENAME) values (32,'Can view mascota',8,'view_mascota');
Insert into SECCION003D.AUTH_PERMISSION (ID,NAME,CONTENT_TYPE_ID,CODENAME) values (33,'Can add comuna',21,'add_comuna');
Insert into SECCION003D.AUTH_PERMISSION (ID,NAME,CONTENT_TYPE_ID,CODENAME) values (34,'Can change comuna',21,'change_comuna');
Insert into SECCION003D.AUTH_PERMISSION (ID,NAME,CONTENT_TYPE_ID,CODENAME) values (35,'Can delete comuna',21,'delete_comuna');
Insert into SECCION003D.AUTH_PERMISSION (ID,NAME,CONTENT_TYPE_ID,CODENAME) values (36,'Can view comuna',21,'view_comuna');
Insert into SECCION003D.AUTH_PERMISSION (ID,NAME,CONTENT_TYPE_ID,CODENAME) values (37,'Can add mascota',22,'add_mascota');
Insert into SECCION003D.AUTH_PERMISSION (ID,NAME,CONTENT_TYPE_ID,CODENAME) values (38,'Can change mascota',22,'change_mascota');
Insert into SECCION003D.AUTH_PERMISSION (ID,NAME,CONTENT_TYPE_ID,CODENAME) values (39,'Can delete mascota',22,'delete_mascota');
Insert into SECCION003D.AUTH_PERMISSION (ID,NAME,CONTENT_TYPE_ID,CODENAME) values (40,'Can view mascota',22,'view_mascota');
Insert into SECCION003D.AUTH_PERMISSION (ID,NAME,CONTENT_TYPE_ID,CODENAME) values (41,'Can add usuario',23,'add_usuario');
Insert into SECCION003D.AUTH_PERMISSION (ID,NAME,CONTENT_TYPE_ID,CODENAME) values (42,'Can change usuario',23,'change_usuario');
Insert into SECCION003D.AUTH_PERMISSION (ID,NAME,CONTENT_TYPE_ID,CODENAME) values (43,'Can delete usuario',23,'delete_usuario');
Insert into SECCION003D.AUTH_PERMISSION (ID,NAME,CONTENT_TYPE_ID,CODENAME) values (44,'Can view usuario',23,'view_usuario');
Insert into SECCION003D.AUTH_PERMISSION (ID,NAME,CONTENT_TYPE_ID,CODENAME) values (45,'Can add duennio',24,'add_duennio');
Insert into SECCION003D.AUTH_PERMISSION (ID,NAME,CONTENT_TYPE_ID,CODENAME) values (46,'Can change duennio',24,'change_duennio');
Insert into SECCION003D.AUTH_PERMISSION (ID,NAME,CONTENT_TYPE_ID,CODENAME) values (47,'Can delete duennio',24,'delete_duennio');
Insert into SECCION003D.AUTH_PERMISSION (ID,NAME,CONTENT_TYPE_ID,CODENAME) values (48,'Can view duennio',24,'view_duennio');
Insert into SECCION003D.AUTH_PERMISSION (ID,NAME,CONTENT_TYPE_ID,CODENAME) values (49,'Can add atenciones',25,'add_atenciones');
Insert into SECCION003D.AUTH_PERMISSION (ID,NAME,CONTENT_TYPE_ID,CODENAME) values (50,'Can change atenciones',25,'change_atenciones');
Insert into SECCION003D.AUTH_PERMISSION (ID,NAME,CONTENT_TYPE_ID,CODENAME) values (51,'Can delete atenciones',25,'delete_atenciones');
Insert into SECCION003D.AUTH_PERMISSION (ID,NAME,CONTENT_TYPE_ID,CODENAME) values (52,'Can view atenciones',25,'view_atenciones');
Insert into SECCION003D.AUTH_PERMISSION (ID,NAME,CONTENT_TYPE_ID,CODENAME) values (53,'Can add rol',26,'add_rol');
Insert into SECCION003D.AUTH_PERMISSION (ID,NAME,CONTENT_TYPE_ID,CODENAME) values (54,'Can change rol',26,'change_rol');
Insert into SECCION003D.AUTH_PERMISSION (ID,NAME,CONTENT_TYPE_ID,CODENAME) values (55,'Can delete rol',26,'delete_rol');
Insert into SECCION003D.AUTH_PERMISSION (ID,NAME,CONTENT_TYPE_ID,CODENAME) values (56,'Can view rol',26,'view_rol');
REM INSERTING into SECCION003D.AUTH_USER
SET DEFINE OFF;
Insert into SECCION003D.AUTH_USER (ID,PASSWORD,LAST_LOGIN,IS_SUPERUSER,USERNAME,FIRST_NAME,LAST_NAME,EMAIL,IS_STAFF,IS_ACTIVE,DATE_JOINED) values (1,'pbkdf2_sha256$320000$vigiWobTVjIFBsrrfwzxYB$Moxo9hD1PuMPgworVz7vndUH45t1EkMer8l+pBOXpDY=',to_timestamp('08/06/22 08:03:29.765091000','DD/MM/RR HH24:MI:SSXFF'),1,'seccion003d',null,null,null,1,1,to_timestamp('08/06/22 07:34:56.334506000','DD/MM/RR HH24:MI:SSXFF'));
REM INSERTING into SECCION003D.AUTH_USER_GROUPS
SET DEFINE OFF;
REM INSERTING into SECCION003D.AUTH_USER_USER_PERMISSIONS
SET DEFINE OFF;
REM INSERTING into SECCION003D.CORE_MASCOTA
SET DEFINE OFF;
REM INSERTING into SECCION003D.CORE_RAZA
SET DEFINE OFF;
REM INSERTING into SECCION003D.DJANGO_ADMIN_LOG
SET DEFINE OFF;
Insert into SECCION003D.DJANGO_ADMIN_LOG (ID,ACTION_TIME,OBJECT_REPR,ACTION_FLAG,CONTENT_TYPE_ID,USER_ID) values (2,to_timestamp('08/06/22 08:04:03.134898000','DD/MM/RR HH24:MI:SSXFF'),'Comuna object (2)',1,21,1);
Insert into SECCION003D.DJANGO_ADMIN_LOG (ID,ACTION_TIME,OBJECT_REPR,ACTION_FLAG,CONTENT_TYPE_ID,USER_ID) values (3,to_timestamp('08/06/22 08:04:06.924067000','DD/MM/RR HH24:MI:SSXFF'),'Comuna object (3)',1,21,1);
Insert into SECCION003D.DJANGO_ADMIN_LOG (ID,ACTION_TIME,OBJECT_REPR,ACTION_FLAG,CONTENT_TYPE_ID,USER_ID) values (4,to_timestamp('08/06/22 08:04:11.541081000','DD/MM/RR HH24:MI:SSXFF'),'Comuna object (4)',1,21,1);
Insert into SECCION003D.DJANGO_ADMIN_LOG (ID,ACTION_TIME,OBJECT_REPR,ACTION_FLAG,CONTENT_TYPE_ID,USER_ID) values (5,to_timestamp('08/06/22 08:04:17.158141000','DD/MM/RR HH24:MI:SSXFF'),'Comuna object (5)',1,21,1);
Insert into SECCION003D.DJANGO_ADMIN_LOG (ID,ACTION_TIME,OBJECT_REPR,ACTION_FLAG,CONTENT_TYPE_ID,USER_ID) values (6,to_timestamp('08/06/22 08:46:09.556971000','DD/MM/RR HH24:MI:SSXFF'),'medico',1,26,1);
Insert into SECCION003D.DJANGO_ADMIN_LOG (ID,ACTION_TIME,OBJECT_REPR,ACTION_FLAG,CONTENT_TYPE_ID,USER_ID) values (7,to_timestamp('08/06/22 09:06:43.323097000','DD/MM/RR HH24:MI:SSXFF'),'Examen de sangre',1,25,1);
Insert into SECCION003D.DJANGO_ADMIN_LOG (ID,ACTION_TIME,OBJECT_REPR,ACTION_FLAG,CONTENT_TYPE_ID,USER_ID) values (8,to_timestamp('08/06/22 09:07:07.938856000','DD/MM/RR HH24:MI:SSXFF'),'Examen de orina',1,25,1);
Insert into SECCION003D.DJANGO_ADMIN_LOG (ID,ACTION_TIME,OBJECT_REPR,ACTION_FLAG,CONTENT_TYPE_ID,USER_ID) values (10,to_timestamp('08/06/22 09:48:10.604618000','DD/MM/RR HH24:MI:SSXFF'),'Mascota object (321)',3,22,1);
Insert into SECCION003D.DJANGO_ADMIN_LOG (ID,ACTION_TIME,OBJECT_REPR,ACTION_FLAG,CONTENT_TYPE_ID,USER_ID) values (11,to_timestamp('08/06/22 09:50:03.585111000','DD/MM/RR HH24:MI:SSXFF'),'Mascota object (32)',1,22,1);
Insert into SECCION003D.DJANGO_ADMIN_LOG (ID,ACTION_TIME,OBJECT_REPR,ACTION_FLAG,CONTENT_TYPE_ID,USER_ID) values (1,to_timestamp('08/06/22 08:03:57.893104000','DD/MM/RR HH24:MI:SSXFF'),'Comuna object (1)',1,21,1);
Insert into SECCION003D.DJANGO_ADMIN_LOG (ID,ACTION_TIME,OBJECT_REPR,ACTION_FLAG,CONTENT_TYPE_ID,USER_ID) values (9,to_timestamp('08/06/22 09:32:02.831736000','DD/MM/RR HH24:MI:SSXFF'),'Mascota object (321)',1,22,1);
Insert into SECCION003D.DJANGO_ADMIN_LOG (ID,ACTION_TIME,OBJECT_REPR,ACTION_FLAG,CONTENT_TYPE_ID,USER_ID) values (12,to_timestamp('08/06/22 10:14:02.643903000','DD/MM/RR HH24:MI:SSXFF'),'Mascota object (42)',1,22,1);
REM INSERTING into SECCION003D.DJANGO_CONTENT_TYPE
SET DEFINE OFF;
Insert into SECCION003D.DJANGO_CONTENT_TYPE (ID,APP_LABEL,MODEL) values (1,'admin','logentry');
Insert into SECCION003D.DJANGO_CONTENT_TYPE (ID,APP_LABEL,MODEL) values (2,'auth','permission');
Insert into SECCION003D.DJANGO_CONTENT_TYPE (ID,APP_LABEL,MODEL) values (3,'auth','group');
Insert into SECCION003D.DJANGO_CONTENT_TYPE (ID,APP_LABEL,MODEL) values (4,'auth','user');
Insert into SECCION003D.DJANGO_CONTENT_TYPE (ID,APP_LABEL,MODEL) values (5,'contenttypes','contenttype');
Insert into SECCION003D.DJANGO_CONTENT_TYPE (ID,APP_LABEL,MODEL) values (6,'sessions','session');
Insert into SECCION003D.DJANGO_CONTENT_TYPE (ID,APP_LABEL,MODEL) values (7,'core','raza');
Insert into SECCION003D.DJANGO_CONTENT_TYPE (ID,APP_LABEL,MODEL) values (8,'core','mascota');
Insert into SECCION003D.DJANGO_CONTENT_TYPE (ID,APP_LABEL,MODEL) values (21,'login','comuna');
Insert into SECCION003D.DJANGO_CONTENT_TYPE (ID,APP_LABEL,MODEL) values (22,'login','mascota');
Insert into SECCION003D.DJANGO_CONTENT_TYPE (ID,APP_LABEL,MODEL) values (23,'login','usuario');
Insert into SECCION003D.DJANGO_CONTENT_TYPE (ID,APP_LABEL,MODEL) values (24,'login','duennio');
Insert into SECCION003D.DJANGO_CONTENT_TYPE (ID,APP_LABEL,MODEL) values (25,'login','atenciones');
Insert into SECCION003D.DJANGO_CONTENT_TYPE (ID,APP_LABEL,MODEL) values (26,'login','rol');
REM INSERTING into SECCION003D.DJANGO_MIGRATIONS
SET DEFINE OFF;
Insert into SECCION003D.DJANGO_MIGRATIONS (ID,APP,NAME,APPLIED) values (1,'contenttypes','0001_initial',to_timestamp('08/06/22 07:30:52.292009000','DD/MM/RR HH24:MI:SSXFF'));
Insert into SECCION003D.DJANGO_MIGRATIONS (ID,APP,NAME,APPLIED) values (2,'auth','0001_initial',to_timestamp('08/06/22 07:30:53.031182000','DD/MM/RR HH24:MI:SSXFF'));
Insert into SECCION003D.DJANGO_MIGRATIONS (ID,APP,NAME,APPLIED) values (3,'admin','0001_initial',to_timestamp('08/06/22 07:30:53.449811000','DD/MM/RR HH24:MI:SSXFF'));
Insert into SECCION003D.DJANGO_MIGRATIONS (ID,APP,NAME,APPLIED) values (4,'admin','0002_logentry_remove_auto_add',to_timestamp('08/06/22 07:30:53.470382000','DD/MM/RR HH24:MI:SSXFF'));
Insert into SECCION003D.DJANGO_MIGRATIONS (ID,APP,NAME,APPLIED) values (5,'admin','0003_logentry_add_action_flag_choices',to_timestamp('08/06/22 07:30:53.490956000','DD/MM/RR HH24:MI:SSXFF'));
Insert into SECCION003D.DJANGO_MIGRATIONS (ID,APP,NAME,APPLIED) values (6,'contenttypes','0002_remove_content_type_name',to_timestamp('08/06/22 07:30:53.901616000','DD/MM/RR HH24:MI:SSXFF'));
Insert into SECCION003D.DJANGO_MIGRATIONS (ID,APP,NAME,APPLIED) values (7,'auth','0002_alter_permission_name_max_length',to_timestamp('08/06/22 07:30:53.987369000','DD/MM/RR HH24:MI:SSXFF'));
Insert into SECCION003D.DJANGO_MIGRATIONS (ID,APP,NAME,APPLIED) values (8,'auth','0003_alter_user_email_max_length',to_timestamp('08/06/22 07:30:54.017738000','DD/MM/RR HH24:MI:SSXFF'));
Insert into SECCION003D.DJANGO_MIGRATIONS (ID,APP,NAME,APPLIED) values (9,'auth','0004_alter_user_username_opts',to_timestamp('08/06/22 07:30:54.037328000','DD/MM/RR HH24:MI:SSXFF'));
Insert into SECCION003D.DJANGO_MIGRATIONS (ID,APP,NAME,APPLIED) values (10,'auth','0005_alter_user_last_login_null',to_timestamp('08/06/22 07:30:54.432810000','DD/MM/RR HH24:MI:SSXFF'));
Insert into SECCION003D.DJANGO_MIGRATIONS (ID,APP,NAME,APPLIED) values (11,'auth','0006_require_contenttypes_0002',to_timestamp('08/06/22 07:30:54.447506000','DD/MM/RR HH24:MI:SSXFF'));
Insert into SECCION003D.DJANGO_MIGRATIONS (ID,APP,NAME,APPLIED) values (12,'auth','0007_alter_validators_add_error_messages',to_timestamp('08/06/22 07:30:54.467103000','DD/MM/RR HH24:MI:SSXFF'));
Insert into SECCION003D.DJANGO_MIGRATIONS (ID,APP,NAME,APPLIED) values (13,'auth','0008_alter_user_username_max_length',to_timestamp('08/06/22 07:30:54.497469000','DD/MM/RR HH24:MI:SSXFF'));
Insert into SECCION003D.DJANGO_MIGRATIONS (ID,APP,NAME,APPLIED) values (14,'auth','0009_alter_user_last_name_max_length',to_timestamp('08/06/22 07:30:54.524896000','DD/MM/RR HH24:MI:SSXFF'));
Insert into SECCION003D.DJANGO_MIGRATIONS (ID,APP,NAME,APPLIED) values (15,'auth','0010_alter_group_name_max_length',to_timestamp('08/06/22 07:30:54.552674000','DD/MM/RR HH24:MI:SSXFF'));
Insert into SECCION003D.DJANGO_MIGRATIONS (ID,APP,NAME,APPLIED) values (16,'auth','0011_update_proxy_permissions',to_timestamp('08/06/22 07:30:54.572265000','DD/MM/RR HH24:MI:SSXFF'));
Insert into SECCION003D.DJANGO_MIGRATIONS (ID,APP,NAME,APPLIED) values (17,'auth','0012_alter_user_first_name_max_length',to_timestamp('08/06/22 07:30:54.600673000','DD/MM/RR HH24:MI:SSXFF'));
Insert into SECCION003D.DJANGO_MIGRATIONS (ID,APP,NAME,APPLIED) values (18,'core','0001_initial',to_timestamp('08/06/22 07:30:54.707655000','DD/MM/RR HH24:MI:SSXFF'));
Insert into SECCION003D.DJANGO_MIGRATIONS (ID,APP,NAME,APPLIED) values (19,'core','0002_mascota_foto',to_timestamp('08/06/22 07:30:54.825200000','DD/MM/RR HH24:MI:SSXFF'));
Insert into SECCION003D.DJANGO_MIGRATIONS (ID,APP,NAME,APPLIED) values (20,'sessions','0001_initial',to_timestamp('08/06/22 07:30:54.862424000','DD/MM/RR HH24:MI:SSXFF'));
Insert into SECCION003D.DJANGO_MIGRATIONS (ID,APP,NAME,APPLIED) values (42,'login','0012_mascota_atencion',to_timestamp('08/06/22 09:49:42.274001000','DD/MM/RR HH24:MI:SSXFF'));
Insert into SECCION003D.DJANGO_MIGRATIONS (ID,APP,NAME,APPLIED) values (21,'login','0001_initial',to_timestamp('08/06/22 07:39:26.330960000','DD/MM/RR HH24:MI:SSXFF'));
Insert into SECCION003D.DJANGO_MIGRATIONS (ID,APP,NAME,APPLIED) values (22,'login','0002_alter_usuario_foto',to_timestamp('08/06/22 07:39:26.348592000','DD/MM/RR HH24:MI:SSXFF'));
Insert into SECCION003D.DJANGO_MIGRATIONS (ID,APP,NAME,APPLIED) values (23,'login','0003_alter_duennio_idduennio_alter_usuario_idusu',to_timestamp('08/06/22 07:39:30.224124000','DD/MM/RR HH24:MI:SSXFF'));
Insert into SECCION003D.DJANGO_MIGRATIONS (ID,APP,NAME,APPLIED) values (24,'login','0004_alter_usuario_fechnacimiento',to_timestamp('08/06/22 07:39:30.241758000','DD/MM/RR HH24:MI:SSXFF'));
Insert into SECCION003D.DJANGO_MIGRATIONS (ID,APP,NAME,APPLIED) values (25,'login','0005_alter_duennio_idduennio',to_timestamp('08/06/22 07:39:30.354406000','DD/MM/RR HH24:MI:SSXFF'));
Insert into SECCION003D.DJANGO_MIGRATIONS (ID,APP,NAME,APPLIED) values (26,'login','0006_alter_usuario_idusu',to_timestamp('08/06/22 07:39:30.390651000','DD/MM/RR HH24:MI:SSXFF'));
Insert into SECCION003D.DJANGO_MIGRATIONS (ID,APP,NAME,APPLIED) values (27,'login','0007_rename_rol_usuario_rol_and_more',to_timestamp('08/06/22 07:39:30.958773000','DD/MM/RR HH24:MI:SSXFF'));
Insert into SECCION003D.DJANGO_MIGRATIONS (ID,APP,NAME,APPLIED) values (28,'login','0008_alter_usuario_fechnacimiento',to_timestamp('08/06/22 07:39:30.983264000','DD/MM/RR HH24:MI:SSXFF'));
Insert into SECCION003D.DJANGO_MIGRATIONS (ID,APP,NAME,APPLIED) values (29,'login','0009_alter_usuario_idusu',to_timestamp('08/06/22 07:39:31.153186000','DD/MM/RR HH24:MI:SSXFF'));
Insert into SECCION003D.DJANGO_MIGRATIONS (ID,APP,NAME,APPLIED) values (30,'login','0010_alter_comuna_idcomuna_alter_duennio_idduennio_and_more',to_timestamp('08/06/22 07:39:31.332446000','DD/MM/RR HH24:MI:SSXFF'));
Insert into SECCION003D.DJANGO_MIGRATIONS (ID,APP,NAME,APPLIED) values (41,'login','0011_remove_atenciones_idtratamiento_and_more',to_timestamp('08/06/22 09:04:10.773290000','DD/MM/RR HH24:MI:SSXFF'));
REM INSERTING into SECCION003D.DJANGO_SESSION
SET DEFINE OFF;
Insert into SECCION003D.DJANGO_SESSION (SESSION_KEY,EXPIRE_DATE) values ('ewjnix4je10p0dvh2iehbi74hhjfthfk',to_timestamp('22/06/22 08:03:29.769008000','DD/MM/RR HH24:MI:SSXFF'));
REM INSERTING into SECCION003D.LOGIN_ATENCIONES
SET DEFINE OFF;
Insert into SECCION003D.LOGIN_ATENCIONES (NOMBRETRATAMIENTO,NUMTRATAMIENTO) values ('Examen de sangre',1);
Insert into SECCION003D.LOGIN_ATENCIONES (NOMBRETRATAMIENTO,NUMTRATAMIENTO) values ('Examen de orina',2);
REM INSERTING into SECCION003D.LOGIN_COMUNA
SET DEFINE OFF;
Insert into SECCION003D.LOGIN_COMUNA (IDCOMUNA,NOMBRECOMUNA) values (2,'Cerro Navia');
Insert into SECCION003D.LOGIN_COMUNA (IDCOMUNA,NOMBRECOMUNA) values (3,'Conchalí');
Insert into SECCION003D.LOGIN_COMUNA (IDCOMUNA,NOMBRECOMUNA) values (4,'El Bosque');
Insert into SECCION003D.LOGIN_COMUNA (IDCOMUNA,NOMBRECOMUNA) values (5,'Estación Central');
Insert into SECCION003D.LOGIN_COMUNA (IDCOMUNA,NOMBRECOMUNA) values (1,'Cerrillos');
REM INSERTING into SECCION003D.LOGIN_MASCOTA
SET DEFINE OFF;
Insert into SECCION003D.LOGIN_MASCOTA (CODIGOCHIP,NOMBREMASCOTA,EDAD,COMUNA_ID,NOMBREDUENNIO,ATENCION_ID) values (42,'tomas',4,3,'juan',1);
REM INSERTING into SECCION003D.LOGIN_ROL
SET DEFINE OFF;
Insert into SECCION003D.LOGIN_ROL (CODIGO,TIPOUSUARIO) values (1,'medico');
REM INSERTING into SECCION003D.LOGIN_USUARIO
SET DEFINE OFF;
--------------------------------------------------------
--  DDL for Index AUTH_GROU_GROUP_ID__0CD325B0_U
--------------------------------------------------------

  CREATE UNIQUE INDEX "SECCION003D"."AUTH_GROU_GROUP_ID__0CD325B0_U" ON "SECCION003D"."AUTH_GROUP_PERMISSIONS" ("GROUP_ID", "PERMISSION_ID") 
  PCTFREE 10 INITRANS 2 MAXTRANS 255 COMPUTE STATISTICS 
  TABLESPACE "USERS" ;
--------------------------------------------------------
--  DDL for Index AUTH_PERM_CONTENT_T_01AB375A_U
--------------------------------------------------------

  CREATE UNIQUE INDEX "SECCION003D"."AUTH_PERM_CONTENT_T_01AB375A_U" ON "SECCION003D"."AUTH_PERMISSION" ("CONTENT_TYPE_ID", "CODENAME") 
  PCTFREE 10 INITRANS 2 MAXTRANS 255 COMPUTE STATISTICS 
  STORAGE(INITIAL 65536 NEXT 1048576 MINEXTENTS 1 MAXEXTENTS 2147483645
  PCTINCREASE 0 FREELISTS 1 FREELIST GROUPS 1
  BUFFER_POOL DEFAULT FLASH_CACHE DEFAULT CELL_FLASH_CACHE DEFAULT)
  TABLESPACE "USERS" ;
--------------------------------------------------------
--  DDL for Index AUTH_USER_USER_ID_G_94350C0C_U
--------------------------------------------------------

  CREATE UNIQUE INDEX "SECCION003D"."AUTH_USER_USER_ID_G_94350C0C_U" ON "SECCION003D"."AUTH_USER_GROUPS" ("USER_ID", "GROUP_ID") 
  PCTFREE 10 INITRANS 2 MAXTRANS 255 COMPUTE STATISTICS 
  TABLESPACE "USERS" ;
--------------------------------------------------------
--  DDL for Index AUTH_USER_USER_ID_P_14A6B632_U
--------------------------------------------------------

  CREATE UNIQUE INDEX "SECCION003D"."AUTH_USER_USER_ID_P_14A6B632_U" ON "SECCION003D"."AUTH_USER_USER_PERMISSIONS" ("USER_ID", "PERMISSION_ID") 
  PCTFREE 10 INITRANS 2 MAXTRANS 255 COMPUTE STATISTICS 
  TABLESPACE "USERS" ;
--------------------------------------------------------
--  DDL for Index DJANGO_CO_APP_LABEL_76BD3D3B_U
--------------------------------------------------------

  CREATE UNIQUE INDEX "SECCION003D"."DJANGO_CO_APP_LABEL_76BD3D3B_U" ON "SECCION003D"."DJANGO_CONTENT_TYPE" ("APP_LABEL", "MODEL") 
  PCTFREE 10 INITRANS 2 MAXTRANS 255 COMPUTE STATISTICS 
  STORAGE(INITIAL 65536 NEXT 1048576 MINEXTENTS 1 MAXEXTENTS 2147483645
  PCTINCREASE 0 FREELISTS 1 FREELIST GROUPS 1
  BUFFER_POOL DEFAULT FLASH_CACHE DEFAULT CELL_FLASH_CACHE DEFAULT)
  TABLESPACE "USERS" ;
--------------------------------------------------------
--  DDL for Index AUTH_GROUP_PERMISSION_84C5C92E
--------------------------------------------------------

  CREATE INDEX "SECCION003D"."AUTH_GROUP_PERMISSION_84C5C92E" ON "SECCION003D"."AUTH_GROUP_PERMISSIONS" ("PERMISSION_ID") 
  PCTFREE 10 INITRANS 2 MAXTRANS 255 COMPUTE STATISTICS 
  TABLESPACE "USERS" ;
--------------------------------------------------------
--  DDL for Index AUTH_GROUP_GROUP_ID_B120CBF9
--------------------------------------------------------

  CREATE INDEX "SECCION003D"."AUTH_GROUP_GROUP_ID_B120CBF9" ON "SECCION003D"."AUTH_GROUP_PERMISSIONS" ("GROUP_ID") 
  PCTFREE 10 INITRANS 2 MAXTRANS 255 COMPUTE STATISTICS 
  TABLESPACE "USERS" ;
--------------------------------------------------------
--  DDL for Index DJANGO_ADM_USER_ID_C564EBA6
--------------------------------------------------------

  CREATE INDEX "SECCION003D"."DJANGO_ADM_USER_ID_C564EBA6" ON "SECCION003D"."DJANGO_ADMIN_LOG" ("USER_ID") 
  PCTFREE 10 INITRANS 2 MAXTRANS 255 COMPUTE STATISTICS 
  STORAGE(INITIAL 65536 NEXT 1048576 MINEXTENTS 1 MAXEXTENTS 2147483645
  PCTINCREASE 0 FREELISTS 1 FREELIST GROUPS 1
  BUFFER_POOL DEFAULT FLASH_CACHE DEFAULT CELL_FLASH_CACHE DEFAULT)
  TABLESPACE "USERS" ;
--------------------------------------------------------
--  DDL for Index LOGIN_MASC_COMUNA_ID_282FD987
--------------------------------------------------------

  CREATE INDEX "SECCION003D"."LOGIN_MASC_COMUNA_ID_282FD987" ON "SECCION003D"."LOGIN_MASCOTA" ("COMUNA_ID") 
  PCTFREE 10 INITRANS 2 MAXTRANS 255 COMPUTE STATISTICS 
  STORAGE(INITIAL 65536 NEXT 1048576 MINEXTENTS 1 MAXEXTENTS 2147483645
  PCTINCREASE 0 FREELISTS 1 FREELIST GROUPS 1
  BUFFER_POOL DEFAULT FLASH_CACHE DEFAULT CELL_FLASH_CACHE DEFAULT)
  TABLESPACE "USERS" ;
--------------------------------------------------------
--  DDL for Index AUTH_PERMI_CONTENT_TY_2F476E4B
--------------------------------------------------------

  CREATE INDEX "SECCION003D"."AUTH_PERMI_CONTENT_TY_2F476E4B" ON "SECCION003D"."AUTH_PERMISSION" ("CONTENT_TYPE_ID") 
  PCTFREE 10 INITRANS 2 MAXTRANS 255 COMPUTE STATISTICS 
  STORAGE(INITIAL 65536 NEXT 1048576 MINEXTENTS 1 MAXEXTENTS 2147483645
  PCTINCREASE 0 FREELISTS 1 FREELIST GROUPS 1
  BUFFER_POOL DEFAULT FLASH_CACHE DEFAULT CELL_FLASH_CACHE DEFAULT)
  TABLESPACE "USERS" ;
--------------------------------------------------------
--  DDL for Index AUTH_USER__PERMISSION_1FBB5F2C
--------------------------------------------------------

  CREATE INDEX "SECCION003D"."AUTH_USER__PERMISSION_1FBB5F2C" ON "SECCION003D"."AUTH_USER_USER_PERMISSIONS" ("PERMISSION_ID") 
  PCTFREE 10 INITRANS 2 MAXTRANS 255 COMPUTE STATISTICS 
  TABLESPACE "USERS" ;
--------------------------------------------------------
--  DDL for Index AUTH_USER__USER_ID_6A12ED8B
--------------------------------------------------------

  CREATE INDEX "SECCION003D"."AUTH_USER__USER_ID_6A12ED8B" ON "SECCION003D"."AUTH_USER_GROUPS" ("USER_ID") 
  PCTFREE 10 INITRANS 2 MAXTRANS 255 COMPUTE STATISTICS 
  TABLESPACE "USERS" ;
--------------------------------------------------------
--  DDL for Index AUTH_USER__GROUP_ID_97559544
--------------------------------------------------------

  CREATE INDEX "SECCION003D"."AUTH_USER__GROUP_ID_97559544" ON "SECCION003D"."AUTH_USER_GROUPS" ("GROUP_ID") 
  PCTFREE 10 INITRANS 2 MAXTRANS 255 COMPUTE STATISTICS 
  TABLESPACE "USERS" ;
--------------------------------------------------------
--  DDL for Index CORE_MASCOTA_RAZA_ID_A0455780
--------------------------------------------------------

  CREATE INDEX "SECCION003D"."CORE_MASCOTA_RAZA_ID_A0455780" ON "SECCION003D"."CORE_MASCOTA" ("RAZA_ID") 
  PCTFREE 10 INITRANS 2 MAXTRANS 255 COMPUTE STATISTICS 
  TABLESPACE "USERS" ;
--------------------------------------------------------
--  DDL for Index AUTH_USER__USER_ID_A95EAD1B
--------------------------------------------------------

  CREATE INDEX "SECCION003D"."AUTH_USER__USER_ID_A95EAD1B" ON "SECCION003D"."AUTH_USER_USER_PERMISSIONS" ("USER_ID") 
  PCTFREE 10 INITRANS 2 MAXTRANS 255 COMPUTE STATISTICS 
  TABLESPACE "USERS" ;
--------------------------------------------------------
--  DDL for Index LOGIN_MASC_ATENCION_I_450C8593
--------------------------------------------------------

  CREATE INDEX "SECCION003D"."LOGIN_MASC_ATENCION_I_450C8593" ON "SECCION003D"."LOGIN_MASCOTA" ("ATENCION_ID") 
  PCTFREE 10 INITRANS 2 MAXTRANS 255 COMPUTE STATISTICS 
  STORAGE(INITIAL 65536 NEXT 1048576 MINEXTENTS 1 MAXEXTENTS 2147483645
  PCTINCREASE 0 FREELISTS 1 FREELIST GROUPS 1
  BUFFER_POOL DEFAULT FLASH_CACHE DEFAULT CELL_FLASH_CACHE DEFAULT)
  TABLESPACE "USERS" ;
--------------------------------------------------------
--  DDL for Index LOGIN_USUA_ROL_USUARI_AE5CA6AF
--------------------------------------------------------

  CREATE INDEX "SECCION003D"."LOGIN_USUA_ROL_USUARI_AE5CA6AF" ON "SECCION003D"."LOGIN_USUARIO" ("ROL_ID") 
  PCTFREE 10 INITRANS 2 MAXTRANS 255 COMPUTE STATISTICS 
  TABLESPACE "USERS" ;
--------------------------------------------------------
--  DDL for Index DJANGO_SES_EXPIRE_DAT_A5C62663
--------------------------------------------------------

  CREATE INDEX "SECCION003D"."DJANGO_SES_EXPIRE_DAT_A5C62663" ON "SECCION003D"."DJANGO_SESSION" ("EXPIRE_DATE") 
  PCTFREE 10 INITRANS 2 MAXTRANS 255 COMPUTE STATISTICS 
  STORAGE(INITIAL 65536 NEXT 1048576 MINEXTENTS 1 MAXEXTENTS 2147483645
  PCTINCREASE 0 FREELISTS 1 FREELIST GROUPS 1
  BUFFER_POOL DEFAULT FLASH_CACHE DEFAULT CELL_FLASH_CACHE DEFAULT)
  TABLESPACE "USERS" ;
--------------------------------------------------------
--  DDL for Index DJANGO_ADM_CONTENT_TY_C4BCE8EB
--------------------------------------------------------

  CREATE INDEX "SECCION003D"."DJANGO_ADM_CONTENT_TY_C4BCE8EB" ON "SECCION003D"."DJANGO_ADMIN_LOG" ("CONTENT_TYPE_ID") 
  PCTFREE 10 INITRANS 2 MAXTRANS 255 COMPUTE STATISTICS 
  STORAGE(INITIAL 65536 NEXT 1048576 MINEXTENTS 1 MAXEXTENTS 2147483645
  PCTINCREASE 0 FREELISTS 1 FREELIST GROUPS 1
  BUFFER_POOL DEFAULT FLASH_CACHE DEFAULT CELL_FLASH_CACHE DEFAULT)
  TABLESPACE "USERS" ;
--------------------------------------------------------
--  Constraints for Table AUTH_GROUP_PERMISSIONS
--------------------------------------------------------

  ALTER TABLE "SECCION003D"."AUTH_GROUP_PERMISSIONS" MODIFY ("ID" NOT NULL ENABLE);
  ALTER TABLE "SECCION003D"."AUTH_GROUP_PERMISSIONS" MODIFY ("GROUP_ID" NOT NULL ENABLE);
  ALTER TABLE "SECCION003D"."AUTH_GROUP_PERMISSIONS" MODIFY ("PERMISSION_ID" NOT NULL ENABLE);
  ALTER TABLE "SECCION003D"."AUTH_GROUP_PERMISSIONS" ADD PRIMARY KEY ("ID")
  USING INDEX PCTFREE 10 INITRANS 2 MAXTRANS 255 
  TABLESPACE "USERS"  ENABLE;
  ALTER TABLE "SECCION003D"."AUTH_GROUP_PERMISSIONS" ADD CONSTRAINT "AUTH_GROU_GROUP_ID__0CD325B0_U" UNIQUE ("GROUP_ID", "PERMISSION_ID")
  USING INDEX PCTFREE 10 INITRANS 2 MAXTRANS 255 COMPUTE STATISTICS 
  TABLESPACE "USERS"  ENABLE;
--------------------------------------------------------
--  Constraints for Table CORE_RAZA
--------------------------------------------------------

  ALTER TABLE "SECCION003D"."CORE_RAZA" MODIFY ("CODIGO" NOT NULL ENABLE);
  ALTER TABLE "SECCION003D"."CORE_RAZA" ADD PRIMARY KEY ("CODIGO")
  USING INDEX PCTFREE 10 INITRANS 2 MAXTRANS 255 
  TABLESPACE "USERS"  ENABLE;
--------------------------------------------------------
--  Constraints for Table AUTH_USER_GROUPS
--------------------------------------------------------

  ALTER TABLE "SECCION003D"."AUTH_USER_GROUPS" MODIFY ("ID" NOT NULL ENABLE);
  ALTER TABLE "SECCION003D"."AUTH_USER_GROUPS" MODIFY ("USER_ID" NOT NULL ENABLE);
  ALTER TABLE "SECCION003D"."AUTH_USER_GROUPS" MODIFY ("GROUP_ID" NOT NULL ENABLE);
  ALTER TABLE "SECCION003D"."AUTH_USER_GROUPS" ADD PRIMARY KEY ("ID")
  USING INDEX PCTFREE 10 INITRANS 2 MAXTRANS 255 
  TABLESPACE "USERS"  ENABLE;
  ALTER TABLE "SECCION003D"."AUTH_USER_GROUPS" ADD CONSTRAINT "AUTH_USER_USER_ID_G_94350C0C_U" UNIQUE ("USER_ID", "GROUP_ID")
  USING INDEX PCTFREE 10 INITRANS 2 MAXTRANS 255 COMPUTE STATISTICS 
  TABLESPACE "USERS"  ENABLE;
--------------------------------------------------------
--  Constraints for Table LOGIN_COMUNA
--------------------------------------------------------

  ALTER TABLE "SECCION003D"."LOGIN_COMUNA" MODIFY ("IDCOMUNA" NOT NULL ENABLE);
  ALTER TABLE "SECCION003D"."LOGIN_COMUNA" ADD PRIMARY KEY ("IDCOMUNA")
  USING INDEX PCTFREE 10 INITRANS 2 MAXTRANS 255 
  STORAGE(INITIAL 65536 NEXT 1048576 MINEXTENTS 1 MAXEXTENTS 2147483645
  PCTINCREASE 0 FREELISTS 1 FREELIST GROUPS 1
  BUFFER_POOL DEFAULT FLASH_CACHE DEFAULT CELL_FLASH_CACHE DEFAULT)
  TABLESPACE "USERS"  ENABLE;
--------------------------------------------------------
--  Constraints for Table CORE_MASCOTA
--------------------------------------------------------

  ALTER TABLE "SECCION003D"."CORE_MASCOTA" MODIFY ("CODIGOCHIP" NOT NULL ENABLE);
  ALTER TABLE "SECCION003D"."CORE_MASCOTA" MODIFY ("EDADMASCOTA" NOT NULL ENABLE);
  ALTER TABLE "SECCION003D"."CORE_MASCOTA" MODIFY ("RAZA_ID" NOT NULL ENABLE);
  ALTER TABLE "SECCION003D"."CORE_MASCOTA" ADD PRIMARY KEY ("CODIGOCHIP")
  USING INDEX PCTFREE 10 INITRANS 2 MAXTRANS 255 
  TABLESPACE "USERS"  ENABLE;
--------------------------------------------------------
--  Constraints for Table LOGIN_MASCOTA
--------------------------------------------------------

  ALTER TABLE "SECCION003D"."LOGIN_MASCOTA" MODIFY ("CODIGOCHIP" NOT NULL ENABLE);
  ALTER TABLE "SECCION003D"."LOGIN_MASCOTA" MODIFY ("EDAD" NOT NULL ENABLE);
  ALTER TABLE "SECCION003D"."LOGIN_MASCOTA" ADD PRIMARY KEY ("CODIGOCHIP")
  USING INDEX PCTFREE 10 INITRANS 2 MAXTRANS 255 
  STORAGE(INITIAL 65536 NEXT 1048576 MINEXTENTS 1 MAXEXTENTS 2147483645
  PCTINCREASE 0 FREELISTS 1 FREELIST GROUPS 1
  BUFFER_POOL DEFAULT FLASH_CACHE DEFAULT CELL_FLASH_CACHE DEFAULT)
  TABLESPACE "USERS"  ENABLE;
  ALTER TABLE "SECCION003D"."LOGIN_MASCOTA" MODIFY ("COMUNA_ID" NOT NULL ENABLE);
  ALTER TABLE "SECCION003D"."LOGIN_MASCOTA" MODIFY ("ATENCION_ID" NOT NULL ENABLE);
--------------------------------------------------------
--  Constraints for Table AUTH_PERMISSION
--------------------------------------------------------

  ALTER TABLE "SECCION003D"."AUTH_PERMISSION" MODIFY ("ID" NOT NULL ENABLE);
  ALTER TABLE "SECCION003D"."AUTH_PERMISSION" MODIFY ("CONTENT_TYPE_ID" NOT NULL ENABLE);
  ALTER TABLE "SECCION003D"."AUTH_PERMISSION" ADD PRIMARY KEY ("ID")
  USING INDEX PCTFREE 10 INITRANS 2 MAXTRANS 255 
  STORAGE(INITIAL 65536 NEXT 1048576 MINEXTENTS 1 MAXEXTENTS 2147483645
  PCTINCREASE 0 FREELISTS 1 FREELIST GROUPS 1
  BUFFER_POOL DEFAULT FLASH_CACHE DEFAULT CELL_FLASH_CACHE DEFAULT)
  TABLESPACE "USERS"  ENABLE;
  ALTER TABLE "SECCION003D"."AUTH_PERMISSION" ADD CONSTRAINT "AUTH_PERM_CONTENT_T_01AB375A_U" UNIQUE ("CONTENT_TYPE_ID", "CODENAME")
  USING INDEX PCTFREE 10 INITRANS 2 MAXTRANS 255 COMPUTE STATISTICS 
  STORAGE(INITIAL 65536 NEXT 1048576 MINEXTENTS 1 MAXEXTENTS 2147483645
  PCTINCREASE 0 FREELISTS 1 FREELIST GROUPS 1
  BUFFER_POOL DEFAULT FLASH_CACHE DEFAULT CELL_FLASH_CACHE DEFAULT)
  TABLESPACE "USERS"  ENABLE;
--------------------------------------------------------
--  Constraints for Table LOGIN_USUARIO
--------------------------------------------------------

  ALTER TABLE "SECCION003D"."LOGIN_USUARIO" MODIFY ("ROL_ID" NOT NULL ENABLE);
  ALTER TABLE "SECCION003D"."LOGIN_USUARIO" MODIFY ("IDUSU" NOT NULL ENABLE);
  ALTER TABLE "SECCION003D"."LOGIN_USUARIO" ADD PRIMARY KEY ("IDUSU")
  USING INDEX PCTFREE 10 INITRANS 2 MAXTRANS 255 COMPUTE STATISTICS 
  TABLESPACE "USERS"  ENABLE;
--------------------------------------------------------
--  Constraints for Table AUTH_USER
--------------------------------------------------------

  ALTER TABLE "SECCION003D"."AUTH_USER" MODIFY ("ID" NOT NULL ENABLE);
  ALTER TABLE "SECCION003D"."AUTH_USER" MODIFY ("IS_SUPERUSER" NOT NULL ENABLE);
  ALTER TABLE "SECCION003D"."AUTH_USER" MODIFY ("IS_STAFF" NOT NULL ENABLE);
  ALTER TABLE "SECCION003D"."AUTH_USER" MODIFY ("IS_ACTIVE" NOT NULL ENABLE);
  ALTER TABLE "SECCION003D"."AUTH_USER" MODIFY ("DATE_JOINED" NOT NULL ENABLE);
  ALTER TABLE "SECCION003D"."AUTH_USER" ADD CHECK ("IS_SUPERUSER" IN (0,1)) ENABLE;
  ALTER TABLE "SECCION003D"."AUTH_USER" ADD CHECK ("IS_STAFF" IN (0,1)) ENABLE;
  ALTER TABLE "SECCION003D"."AUTH_USER" ADD CHECK ("IS_ACTIVE" IN (0,1)) ENABLE;
  ALTER TABLE "SECCION003D"."AUTH_USER" ADD PRIMARY KEY ("ID")
  USING INDEX PCTFREE 10 INITRANS 2 MAXTRANS 255 
  STORAGE(INITIAL 65536 NEXT 1048576 MINEXTENTS 1 MAXEXTENTS 2147483645
  PCTINCREASE 0 FREELISTS 1 FREELIST GROUPS 1
  BUFFER_POOL DEFAULT FLASH_CACHE DEFAULT CELL_FLASH_CACHE DEFAULT)
  TABLESPACE "USERS"  ENABLE;
  ALTER TABLE "SECCION003D"."AUTH_USER" ADD UNIQUE ("USERNAME")
  USING INDEX PCTFREE 10 INITRANS 2 MAXTRANS 255 
  STORAGE(INITIAL 65536 NEXT 1048576 MINEXTENTS 1 MAXEXTENTS 2147483645
  PCTINCREASE 0 FREELISTS 1 FREELIST GROUPS 1
  BUFFER_POOL DEFAULT FLASH_CACHE DEFAULT CELL_FLASH_CACHE DEFAULT)
  TABLESPACE "USERS"  ENABLE;
--------------------------------------------------------
--  Constraints for Table LOGIN_ATENCIONES
--------------------------------------------------------

  ALTER TABLE "SECCION003D"."LOGIN_ATENCIONES" MODIFY ("NUMTRATAMIENTO" NOT NULL ENABLE);
  ALTER TABLE "SECCION003D"."LOGIN_ATENCIONES" ADD PRIMARY KEY ("NUMTRATAMIENTO")
  USING INDEX PCTFREE 10 INITRANS 2 MAXTRANS 255 COMPUTE STATISTICS 
  STORAGE(INITIAL 65536 NEXT 1048576 MINEXTENTS 1 MAXEXTENTS 2147483645
  PCTINCREASE 0 FREELISTS 1 FREELIST GROUPS 1
  BUFFER_POOL DEFAULT FLASH_CACHE DEFAULT CELL_FLASH_CACHE DEFAULT)
  TABLESPACE "USERS"  ENABLE;
--------------------------------------------------------
--  Constraints for Table DJANGO_SESSION
--------------------------------------------------------

  ALTER TABLE "SECCION003D"."DJANGO_SESSION" MODIFY ("SESSION_KEY" NOT NULL ENABLE);
  ALTER TABLE "SECCION003D"."DJANGO_SESSION" MODIFY ("EXPIRE_DATE" NOT NULL ENABLE);
  ALTER TABLE "SECCION003D"."DJANGO_SESSION" ADD PRIMARY KEY ("SESSION_KEY")
  USING INDEX PCTFREE 10 INITRANS 2 MAXTRANS 255 
  STORAGE(INITIAL 65536 NEXT 1048576 MINEXTENTS 1 MAXEXTENTS 2147483645
  PCTINCREASE 0 FREELISTS 1 FREELIST GROUPS 1
  BUFFER_POOL DEFAULT FLASH_CACHE DEFAULT CELL_FLASH_CACHE DEFAULT)
  TABLESPACE "USERS"  ENABLE;
--------------------------------------------------------
--  Constraints for Table LOGIN_ROL
--------------------------------------------------------

  ALTER TABLE "SECCION003D"."LOGIN_ROL" MODIFY ("CODIGO" NOT NULL ENABLE);
  ALTER TABLE "SECCION003D"."LOGIN_ROL" ADD PRIMARY KEY ("CODIGO")
  USING INDEX PCTFREE 10 INITRANS 2 MAXTRANS 255 
  STORAGE(INITIAL 65536 NEXT 1048576 MINEXTENTS 1 MAXEXTENTS 2147483645
  PCTINCREASE 0 FREELISTS 1 FREELIST GROUPS 1
  BUFFER_POOL DEFAULT FLASH_CACHE DEFAULT CELL_FLASH_CACHE DEFAULT)
  TABLESPACE "USERS"  ENABLE;
--------------------------------------------------------
--  Constraints for Table DJANGO_ADMIN_LOG
--------------------------------------------------------

  ALTER TABLE "SECCION003D"."DJANGO_ADMIN_LOG" MODIFY ("ID" NOT NULL ENABLE);
  ALTER TABLE "SECCION003D"."DJANGO_ADMIN_LOG" MODIFY ("ACTION_TIME" NOT NULL ENABLE);
  ALTER TABLE "SECCION003D"."DJANGO_ADMIN_LOG" MODIFY ("ACTION_FLAG" NOT NULL ENABLE);
  ALTER TABLE "SECCION003D"."DJANGO_ADMIN_LOG" MODIFY ("USER_ID" NOT NULL ENABLE);
  ALTER TABLE "SECCION003D"."DJANGO_ADMIN_LOG" ADD CHECK ("ACTION_FLAG" >= 0) ENABLE;
  ALTER TABLE "SECCION003D"."DJANGO_ADMIN_LOG" ADD PRIMARY KEY ("ID")
  USING INDEX PCTFREE 10 INITRANS 2 MAXTRANS 255 
  STORAGE(INITIAL 65536 NEXT 1048576 MINEXTENTS 1 MAXEXTENTS 2147483645
  PCTINCREASE 0 FREELISTS 1 FREELIST GROUPS 1
  BUFFER_POOL DEFAULT FLASH_CACHE DEFAULT CELL_FLASH_CACHE DEFAULT)
  TABLESPACE "USERS"  ENABLE;
--------------------------------------------------------
--  Constraints for Table AUTH_GROUP
--------------------------------------------------------

  ALTER TABLE "SECCION003D"."AUTH_GROUP" MODIFY ("ID" NOT NULL ENABLE);
  ALTER TABLE "SECCION003D"."AUTH_GROUP" ADD PRIMARY KEY ("ID")
  USING INDEX PCTFREE 10 INITRANS 2 MAXTRANS 255 
  TABLESPACE "USERS"  ENABLE;
  ALTER TABLE "SECCION003D"."AUTH_GROUP" ADD UNIQUE ("NAME")
  USING INDEX PCTFREE 10 INITRANS 2 MAXTRANS 255 
  TABLESPACE "USERS"  ENABLE;
--------------------------------------------------------
--  Constraints for Table DJANGO_MIGRATIONS
--------------------------------------------------------

  ALTER TABLE "SECCION003D"."DJANGO_MIGRATIONS" MODIFY ("ID" NOT NULL ENABLE);
  ALTER TABLE "SECCION003D"."DJANGO_MIGRATIONS" MODIFY ("APPLIED" NOT NULL ENABLE);
  ALTER TABLE "SECCION003D"."DJANGO_MIGRATIONS" ADD PRIMARY KEY ("ID")
  USING INDEX PCTFREE 10 INITRANS 2 MAXTRANS 255 
  STORAGE(INITIAL 65536 NEXT 1048576 MINEXTENTS 1 MAXEXTENTS 2147483645
  PCTINCREASE 0 FREELISTS 1 FREELIST GROUPS 1
  BUFFER_POOL DEFAULT FLASH_CACHE DEFAULT CELL_FLASH_CACHE DEFAULT)
  TABLESPACE "USERS"  ENABLE;
--------------------------------------------------------
--  Constraints for Table DJANGO_CONTENT_TYPE
--------------------------------------------------------

  ALTER TABLE "SECCION003D"."DJANGO_CONTENT_TYPE" MODIFY ("ID" NOT NULL ENABLE);
  ALTER TABLE "SECCION003D"."DJANGO_CONTENT_TYPE" ADD PRIMARY KEY ("ID")
  USING INDEX PCTFREE 10 INITRANS 2 MAXTRANS 255 
  STORAGE(INITIAL 65536 NEXT 1048576 MINEXTENTS 1 MAXEXTENTS 2147483645
  PCTINCREASE 0 FREELISTS 1 FREELIST GROUPS 1
  BUFFER_POOL DEFAULT FLASH_CACHE DEFAULT CELL_FLASH_CACHE DEFAULT)
  TABLESPACE "USERS"  ENABLE;
  ALTER TABLE "SECCION003D"."DJANGO_CONTENT_TYPE" ADD CONSTRAINT "DJANGO_CO_APP_LABEL_76BD3D3B_U" UNIQUE ("APP_LABEL", "MODEL")
  USING INDEX PCTFREE 10 INITRANS 2 MAXTRANS 255 COMPUTE STATISTICS 
  STORAGE(INITIAL 65536 NEXT 1048576 MINEXTENTS 1 MAXEXTENTS 2147483645
  PCTINCREASE 0 FREELISTS 1 FREELIST GROUPS 1
  BUFFER_POOL DEFAULT FLASH_CACHE DEFAULT CELL_FLASH_CACHE DEFAULT)
  TABLESPACE "USERS"  ENABLE;
--------------------------------------------------------
--  Constraints for Table AUTH_USER_USER_PERMISSIONS
--------------------------------------------------------

  ALTER TABLE "SECCION003D"."AUTH_USER_USER_PERMISSIONS" MODIFY ("ID" NOT NULL ENABLE);
  ALTER TABLE "SECCION003D"."AUTH_USER_USER_PERMISSIONS" MODIFY ("USER_ID" NOT NULL ENABLE);
  ALTER TABLE "SECCION003D"."AUTH_USER_USER_PERMISSIONS" MODIFY ("PERMISSION_ID" NOT NULL ENABLE);
  ALTER TABLE "SECCION003D"."AUTH_USER_USER_PERMISSIONS" ADD PRIMARY KEY ("ID")
  USING INDEX PCTFREE 10 INITRANS 2 MAXTRANS 255 
  TABLESPACE "USERS"  ENABLE;
  ALTER TABLE "SECCION003D"."AUTH_USER_USER_PERMISSIONS" ADD CONSTRAINT "AUTH_USER_USER_ID_P_14A6B632_U" UNIQUE ("USER_ID", "PERMISSION_ID")
  USING INDEX PCTFREE 10 INITRANS 2 MAXTRANS 255 COMPUTE STATISTICS 
  TABLESPACE "USERS"  ENABLE;
--------------------------------------------------------
--  Ref Constraints for Table AUTH_GROUP_PERMISSIONS
--------------------------------------------------------

  ALTER TABLE "SECCION003D"."AUTH_GROUP_PERMISSIONS" ADD CONSTRAINT "AUTH_GROU_GROUP_ID_B120CBF9_F" FOREIGN KEY ("GROUP_ID")
	  REFERENCES "SECCION003D"."AUTH_GROUP" ("ID") DEFERRABLE INITIALLY DEFERRED ENABLE;
  ALTER TABLE "SECCION003D"."AUTH_GROUP_PERMISSIONS" ADD CONSTRAINT "AUTH_GROU_PERMISSIO_84C5C92E_F" FOREIGN KEY ("PERMISSION_ID")
	  REFERENCES "SECCION003D"."AUTH_PERMISSION" ("ID") DEFERRABLE INITIALLY DEFERRED ENABLE;
--------------------------------------------------------
--  Ref Constraints for Table AUTH_PERMISSION
--------------------------------------------------------

  ALTER TABLE "SECCION003D"."AUTH_PERMISSION" ADD CONSTRAINT "AUTH_PERM_CONTENT_T_2F476E4B_F" FOREIGN KEY ("CONTENT_TYPE_ID")
	  REFERENCES "SECCION003D"."DJANGO_CONTENT_TYPE" ("ID") DEFERRABLE INITIALLY DEFERRED ENABLE;
--------------------------------------------------------
--  Ref Constraints for Table AUTH_USER_GROUPS
--------------------------------------------------------

  ALTER TABLE "SECCION003D"."AUTH_USER_GROUPS" ADD CONSTRAINT "AUTH_USER_USER_ID_6A12ED8B_F" FOREIGN KEY ("USER_ID")
	  REFERENCES "SECCION003D"."AUTH_USER" ("ID") DEFERRABLE INITIALLY DEFERRED ENABLE;
  ALTER TABLE "SECCION003D"."AUTH_USER_GROUPS" ADD CONSTRAINT "AUTH_USER_GROUP_ID_97559544_F" FOREIGN KEY ("GROUP_ID")
	  REFERENCES "SECCION003D"."AUTH_GROUP" ("ID") DEFERRABLE INITIALLY DEFERRED ENABLE;
--------------------------------------------------------
--  Ref Constraints for Table AUTH_USER_USER_PERMISSIONS
--------------------------------------------------------

  ALTER TABLE "SECCION003D"."AUTH_USER_USER_PERMISSIONS" ADD CONSTRAINT "AUTH_USER_USER_ID_A95EAD1B_F" FOREIGN KEY ("USER_ID")
	  REFERENCES "SECCION003D"."AUTH_USER" ("ID") DEFERRABLE INITIALLY DEFERRED ENABLE;
  ALTER TABLE "SECCION003D"."AUTH_USER_USER_PERMISSIONS" ADD CONSTRAINT "AUTH_USER_PERMISSIO_1FBB5F2C_F" FOREIGN KEY ("PERMISSION_ID")
	  REFERENCES "SECCION003D"."AUTH_PERMISSION" ("ID") DEFERRABLE INITIALLY DEFERRED ENABLE;
--------------------------------------------------------
--  Ref Constraints for Table CORE_MASCOTA
--------------------------------------------------------

  ALTER TABLE "SECCION003D"."CORE_MASCOTA" ADD CONSTRAINT "CORE_MASC_RAZA_ID_A0455780_F" FOREIGN KEY ("RAZA_ID")
	  REFERENCES "SECCION003D"."CORE_RAZA" ("CODIGO") DEFERRABLE INITIALLY DEFERRED ENABLE;
--------------------------------------------------------
--  Ref Constraints for Table DJANGO_ADMIN_LOG
--------------------------------------------------------

  ALTER TABLE "SECCION003D"."DJANGO_ADMIN_LOG" ADD CONSTRAINT "DJANGO_AD_CONTENT_T_C4BCE8EB_F" FOREIGN KEY ("CONTENT_TYPE_ID")
	  REFERENCES "SECCION003D"."DJANGO_CONTENT_TYPE" ("ID") DEFERRABLE INITIALLY DEFERRED ENABLE;
  ALTER TABLE "SECCION003D"."DJANGO_ADMIN_LOG" ADD CONSTRAINT "DJANGO_AD_USER_ID_C564EBA6_F" FOREIGN KEY ("USER_ID")
	  REFERENCES "SECCION003D"."AUTH_USER" ("ID") DEFERRABLE INITIALLY DEFERRED ENABLE;
--------------------------------------------------------
--  Ref Constraints for Table LOGIN_MASCOTA
--------------------------------------------------------

  ALTER TABLE "SECCION003D"."LOGIN_MASCOTA" ADD CONSTRAINT "LOGIN_MAS_COMUNA_ID_282FD987_F" FOREIGN KEY ("COMUNA_ID")
	  REFERENCES "SECCION003D"."LOGIN_COMUNA" ("IDCOMUNA") DEFERRABLE INITIALLY DEFERRED ENABLE;
  ALTER TABLE "SECCION003D"."LOGIN_MASCOTA" ADD CONSTRAINT "LOGIN_MAS_ATENCION__450C8593_F" FOREIGN KEY ("ATENCION_ID")
	  REFERENCES "SECCION003D"."LOGIN_ATENCIONES" ("NUMTRATAMIENTO") DEFERRABLE INITIALLY DEFERRED ENABLE;
--------------------------------------------------------
--  Ref Constraints for Table LOGIN_USUARIO
--------------------------------------------------------

  ALTER TABLE "SECCION003D"."LOGIN_USUARIO" ADD CONSTRAINT "LOGIN_USU_ROL_ID_F3B2DDF5_F" FOREIGN KEY ("ROL_ID")
	  REFERENCES "SECCION003D"."LOGIN_ROL" ("CODIGO") DEFERRABLE INITIALLY DEFERRED ENABLE;
